{
  "root" : {
    "__class" : "RootNode",
    "children" : [
      {
        "__class" : "FrameNode",
        "aspectRatio" : null,
        "blendingEnabled" : 0,
        "blendingMode" : "normal",
        "bottom" : null,
        "centerAnchorX" : 0,
        "centerAnchorY" : 0,
        "children" : [
          {
            "__class" : "FrameNode",
            "aspectRatio" : 1.25,
            "blendingEnabled" : 0,
            "blendingMode" : "normal",
            "bottom" : 323,
            "centerAnchorX" : 0.44933333333333331,
            "centerAnchorY" : 0.57573891625615758,
            "children" : [

            ],
            "clip" : false,
            "codeOverrideEnabled" : false,
            "constraintsLocked" : false,
            "deviceType" : null,
            "exportOptions" : [

            ],
            "fillColor" : "rgba(255,255,255,1)",
            "fillEnabled" : true,
            "fillGradient" : {
              "__class" : "LinearGradient",
              "alpha" : 1,
              "angle" : 0,
              "end" : "rgba(0,0,0,0)",
              "start" : "black"
            },
            "fillImage" : "EurvKxGUXZGXhsdlRw33vVZhYp8.png",
            "fillImagePixelHeight" : 72,
            "fillImagePixelWidth" : 90,
            "fillImageResize" : "fill",
            "fillType" : "image",
            "height" : 43,
            "heightType" : 0,
            "id" : "W8x1EjMrb",
            "intrinsicHeight" : 36,
            "intrinsicWidth" : 45,
            "isExternalMaster" : null,
            "isMaster" : false,
            "isTarget" : false,
            "left" : 142,
            "locked" : false,
            "name" : null,
            "navigationTarget" : null,
            "navigationTransition" : "push",
            "navigationTransitionBackdropColor" : "rgba(4,4,15,.4)",
            "navigationTransitionDirection" : "left",
            "opacity" : 1,
            "originalid" : null,
            "parentid" : "d6_AGuoTF",
            "previewSettings" : null,
            "radius" : 0,
            "radiusBottomLeft" : 0,
            "radiusBottomRight" : 0,
            "radiusIsRelative" : false,
            "radiusPerCorner" : false,
            "radiusTopLeft" : 0,
            "radiusTopRight" : 0,
            "replicaInfo" : null,
            "right" : null,
            "rotation" : 0,
            "top" : null,
            "visible" : true,
            "width" : 53,
            "widthType" : 0
          },
          {
            "__class" : "FrameNode",
            "aspectRatio" : 1.25,
            "blendingEnabled" : 0,
            "blendingMode" : "normal",
            "bottom" : null,
            "centerAnchorX" : 0.84133333333333338,
            "centerAnchorY" : 0.4895320197044335,
            "children" : [

            ],
            "clip" : false,
            "codeOverrideEnabled" : false,
            "constraintsLocked" : false,
            "deviceType" : null,
            "exportOptions" : [

            ],
            "fillColor" : "rgba(255,255,255,1)",
            "fillEnabled" : true,
            "fillGradient" : {
              "__class" : "LinearGradient",
              "alpha" : 1,
              "angle" : 0,
              "end" : "rgba(0,0,0,0)",
              "start" : "black"
            },
            "fillImage" : "7hKluZt5kBGLJ8uX1EackvPR2u4.png",
            "fillImagePixelHeight" : 72,
            "fillImagePixelWidth" : 90,
            "fillImageResize" : "fill",
            "fillType" : "image",
            "height" : 43,
            "heightType" : 0,
            "id" : "toMrXE01X",
            "intrinsicHeight" : 36,
            "intrinsicWidth" : 45,
            "isExternalMaster" : null,
            "isMaster" : false,
            "isTarget" : false,
            "left" : null,
            "locked" : false,
            "name" : null,
            "navigationTarget" : null,
            "navigationTransition" : "push",
            "navigationTransitionBackdropColor" : "rgba(4,4,15,.4)",
            "navigationTransitionDirection" : "left",
            "opacity" : 1,
            "originalid" : null,
            "parentid" : "d6_AGuoTF",
            "previewSettings" : null,
            "radius" : 0,
            "radiusBottomLeft" : 0,
            "radiusBottomRight" : 0,
            "radiusIsRelative" : false,
            "radiusPerCorner" : false,
            "radiusTopLeft" : 0,
            "radiusTopRight" : 0,
            "replicaInfo" : null,
            "right" : 33,
            "rotation" : 0,
            "top" : 376,
            "visible" : true,
            "width" : 53,
            "widthType" : 0
          },
          {
            "__class" : "FrameNode",
            "aspectRatio" : 1.4516129032258065,
            "blendingEnabled" : 0,
            "blendingMode" : "normal",
            "bottom" : null,
            "centerAnchorX" : 0.7533333333333333,
            "centerAnchorY" : 0.42364532019704432,
            "children" : [

            ],
            "clip" : false,
            "codeOverrideEnabled" : false,
            "constraintsLocked" : false,
            "deviceType" : null,
            "exportOptions" : [

            ],
            "fillColor" : "rgba(255,255,255,1)",
            "fillEnabled" : true,
            "fillGradient" : {
              "__class" : "LinearGradient",
              "alpha" : 1,
              "angle" : 0,
              "end" : "rgba(0,0,0,0)",
              "start" : "black"
            },
            "fillImage" : "ZHE3dQrT2dnQzFYOc5p48bxSs.png",
            "fillImagePixelHeight" : 62,
            "fillImagePixelWidth" : 90,
            "fillImageResize" : "fill",
            "fillType" : "image",
            "height" : 36,
            "heightType" : 0,
            "id" : "Lp7QKB72h",
            "intrinsicHeight" : 31,
            "intrinsicWidth" : 45,
            "isExternalMaster" : null,
            "isMaster" : false,
            "isTarget" : false,
            "left" : null,
            "locked" : false,
            "name" : null,
            "navigationTarget" : null,
            "navigationTransition" : "push",
            "navigationTransitionBackdropColor" : "rgba(4,4,15,.4)",
            "navigationTransitionDirection" : "left",
            "opacity" : 1,
            "originalid" : null,
            "parentid" : "d6_AGuoTF",
            "previewSettings" : null,
            "radius" : 0,
            "radiusBottomLeft" : 0,
            "radiusBottomRight" : 0,
            "radiusIsRelative" : false,
            "radiusPerCorner" : false,
            "radiusTopLeft" : 0,
            "radiusTopRight" : 0,
            "replicaInfo" : null,
            "right" : 66,
            "rotation" : 0,
            "top" : 326,
            "visible" : true,
            "width" : 53,
            "widthType" : 0
          },
          {
            "__class" : "FrameNode",
            "aspectRatio" : 1,
            "blendingEnabled" : 0,
            "blendingMode" : "normal",
            "bottom" : 219,
            "centerAnchorX" : 0.49866666666666665,
            "centerAnchorY" : 0.69827586206896552,
            "children" : [

            ],
            "clip" : false,
            "codeOverrideEnabled" : false,
            "constraintsLocked" : false,
            "deviceType" : null,
            "exportOptions" : [

            ],
            "fillColor" : "rgba(255,255,255,1)",
            "fillEnabled" : true,
            "fillGradient" : {
              "__class" : "LinearGradient",
              "alpha" : 1,
              "angle" : 0,
              "end" : "rgba(0,0,0,0)",
              "start" : "black"
            },
            "fillImage" : "IiWz9i8xCV36Xrh8T91FrB1r7I.png",
            "fillImagePixelHeight" : 90,
            "fillImagePixelWidth" : 90,
            "fillImageResize" : "fill",
            "fillType" : "image",
            "height" : 52,
            "heightType" : 0,
            "id" : "NqHklhxQg",
            "intrinsicHeight" : 45,
            "intrinsicWidth" : 45,
            "isExternalMaster" : null,
            "isMaster" : false,
            "isTarget" : false,
            "left" : null,
            "locked" : false,
            "name" : null,
            "navigationTarget" : null,
            "navigationTransition" : "push",
            "navigationTransitionBackdropColor" : "rgba(4,4,15,.4)",
            "navigationTransitionDirection" : "left",
            "opacity" : 1,
            "originalid" : null,
            "parentid" : "d6_AGuoTF",
            "previewSettings" : null,
            "radius" : 0,
            "radiusBottomLeft" : 0,
            "radiusBottomRight" : 0,
            "radiusIsRelative" : false,
            "radiusPerCorner" : false,
            "radiusTopLeft" : 0,
            "radiusTopRight" : 0,
            "replicaInfo" : null,
            "right" : null,
            "rotation" : 0,
            "top" : null,
            "visible" : true,
            "width" : 52,
            "widthType" : 0
          },
          {
            "__class" : "FrameNode",
            "aspectRatio" : 0.84905660377358494,
            "blendingEnabled" : 0,
            "blendingMode" : "normal",
            "bottom" : 251,
            "centerAnchorX" : 0.69999999999999996,
            "centerAnchorY" : 0.65270935960591137,
            "children" : [

            ],
            "clip" : false,
            "codeOverrideEnabled" : false,
            "constraintsLocked" : false,
            "deviceType" : null,
            "exportOptions" : [

            ],
            "fillColor" : "rgba(255,255,255,1)",
            "fillEnabled" : true,
            "fillGradient" : {
              "__class" : "LinearGradient",
              "alpha" : 1,
              "angle" : 0,
              "end" : "rgba(0,0,0,0)",
              "start" : "black"
            },
            "fillImage" : "L7b0uGKQn9gkmrBcJemu7zWTo50.png",
            "fillImagePixelHeight" : 106,
            "fillImagePixelWidth" : 90,
            "fillImageResize" : "fill",
            "fillType" : "image",
            "height" : 62,
            "heightType" : 0,
            "id" : "hY1pQBLNq",
            "intrinsicHeight" : 53,
            "intrinsicWidth" : 45,
            "isExternalMaster" : null,
            "isMaster" : false,
            "isTarget" : false,
            "left" : null,
            "locked" : false,
            "name" : null,
            "navigationTarget" : null,
            "navigationTransition" : "push",
            "navigationTransitionBackdropColor" : "rgba(4,4,15,.4)",
            "navigationTransitionDirection" : "left",
            "opacity" : 1,
            "originalid" : null,
            "parentid" : "d6_AGuoTF",
            "previewSettings" : null,
            "radius" : 0,
            "radiusBottomLeft" : 0,
            "radiusBottomRight" : 0,
            "radiusIsRelative" : false,
            "radiusPerCorner" : false,
            "radiusTopLeft" : 0,
            "radiusTopRight" : 0,
            "replicaInfo" : null,
            "right" : 86,
            "rotation" : 0,
            "top" : null,
            "visible" : true,
            "width" : 53,
            "widthType" : 0
          },
          {
            "__class" : "FrameNode",
            "aspectRatio" : 0.84905660377358494,
            "blendingEnabled" : 0,
            "blendingMode" : "normal",
            "bottom" : 352,
            "centerAnchorX" : 0.27866666666666667,
            "centerAnchorY" : 0.52832512315270941,
            "children" : [

            ],
            "clip" : false,
            "codeOverrideEnabled" : false,
            "constraintsLocked" : false,
            "deviceType" : null,
            "exportOptions" : [

            ],
            "fillColor" : "rgba(255,255,255,1)",
            "fillEnabled" : true,
            "fillGradient" : {
              "__class" : "LinearGradient",
              "alpha" : 1,
              "angle" : 0,
              "end" : "rgba(0,0,0,0)",
              "start" : "black"
            },
            "fillImage" : "1ZnHyhhkpj7PkBqRqZe2YLwTaM.png",
            "fillImagePixelHeight" : 106,
            "fillImagePixelWidth" : 90,
            "fillImageResize" : "fill",
            "fillType" : "image",
            "height" : 62,
            "heightType" : 0,
            "id" : "Qwdp6QSEs",
            "intrinsicHeight" : 53,
            "intrinsicWidth" : 45,
            "isExternalMaster" : null,
            "isMaster" : false,
            "isTarget" : false,
            "left" : 78,
            "locked" : false,
            "name" : null,
            "navigationTarget" : null,
            "navigationTransition" : "push",
            "navigationTransitionBackdropColor" : "rgba(4,4,15,.4)",
            "navigationTransitionDirection" : "left",
            "opacity" : 1,
            "originalid" : null,
            "parentid" : "d6_AGuoTF",
            "previewSettings" : null,
            "radius" : 0,
            "radiusBottomLeft" : 0,
            "radiusBottomRight" : 0,
            "radiusIsRelative" : false,
            "radiusPerCorner" : false,
            "radiusTopLeft" : 0,
            "radiusTopRight" : 0,
            "replicaInfo" : null,
            "right" : null,
            "rotation" : 0,
            "top" : null,
            "visible" : true,
            "width" : 53,
            "widthType" : 0
          },
          {
            "__class" : "FrameNode",
            "aspectRatio" : 0.84905660377358494,
            "blendingEnabled" : 0,
            "blendingMode" : "normal",
            "bottom" : null,
            "centerAnchorX" : 0.42799999999999999,
            "centerAnchorY" : 0.47783251231527096,
            "children" : [

            ],
            "clip" : false,
            "codeOverrideEnabled" : false,
            "constraintsLocked" : false,
            "deviceType" : null,
            "exportOptions" : [

            ],
            "fillColor" : "rgba(255,255,255,1)",
            "fillEnabled" : true,
            "fillGradient" : {
              "__class" : "LinearGradient",
              "alpha" : 1,
              "angle" : 0,
              "end" : "rgba(0,0,0,0)",
              "start" : "black"
            },
            "fillImage" : "bRN7nWh63eEaZg0fzuQuMh51HqA.png",
            "fillImagePixelHeight" : 106,
            "fillImagePixelWidth" : 90,
            "fillImageResize" : "fill",
            "fillType" : "image",
            "height" : 62,
            "heightType" : 0,
            "id" : "jmOepJNon",
            "intrinsicHeight" : 53,
            "intrinsicWidth" : 45,
            "isExternalMaster" : null,
            "isMaster" : false,
            "isTarget" : false,
            "left" : 134,
            "locked" : false,
            "name" : null,
            "navigationTarget" : null,
            "navigationTransition" : "push",
            "navigationTransitionBackdropColor" : "rgba(4,4,15,.4)",
            "navigationTransitionDirection" : "left",
            "opacity" : 1,
            "originalid" : null,
            "parentid" : "d6_AGuoTF",
            "previewSettings" : null,
            "radius" : 0,
            "radiusBottomLeft" : 0,
            "radiusBottomRight" : 0,
            "radiusIsRelative" : false,
            "radiusPerCorner" : false,
            "radiusTopLeft" : 0,
            "radiusTopRight" : 0,
            "replicaInfo" : null,
            "right" : null,
            "rotation" : 0,
            "top" : 357,
            "visible" : true,
            "width" : 53,
            "widthType" : 0
          },
          {
            "__class" : "FrameNode",
            "aspectRatio" : 1.0377358490566038,
            "blendingEnabled" : 0,
            "blendingMode" : "normal",
            "bottom" : 313,
            "centerAnchorX" : 0.69999999999999996,
            "centerAnchorY" : 0.57635467980295563,
            "children" : [

            ],
            "clip" : false,
            "codeOverrideEnabled" : false,
            "constraintsLocked" : false,
            "deviceType" : null,
            "exportOptions" : [

            ],
            "fillColor" : "rgba(255,255,255,1)",
            "fillEnabled" : true,
            "fillGradient" : {
              "__class" : "LinearGradient",
              "alpha" : 1,
              "angle" : 0,
              "end" : "rgba(0,0,0,0)",
              "start" : "black"
            },
            "fillImage" : "qxfe6FAyGUdRMAnAB7CuvXDV8D4.png",
            "fillImagePixelHeight" : 106,
            "fillImagePixelWidth" : 110,
            "fillImageResize" : "fill",
            "fillType" : "image",
            "height" : 62,
            "heightType" : 0,
            "id" : "rmAJZvbZ8",
            "intrinsicHeight" : 53,
            "intrinsicWidth" : 55,
            "isExternalMaster" : null,
            "isMaster" : false,
            "isTarget" : false,
            "left" : null,
            "locked" : false,
            "name" : null,
            "navigationTarget" : null,
            "navigationTransition" : "push",
            "navigationTransitionBackdropColor" : "rgba(4,4,15,.4)",
            "navigationTransitionDirection" : "left",
            "opacity" : 1,
            "originalid" : null,
            "parentid" : "d6_AGuoTF",
            "previewSettings" : null,
            "radius" : 0,
            "radiusBottomLeft" : 0,
            "radiusBottomRight" : 0,
            "radiusIsRelative" : false,
            "radiusPerCorner" : false,
            "radiusTopLeft" : 0,
            "radiusTopRight" : 0,
            "replicaInfo" : null,
            "right" : 80,
            "rotation" : 0,
            "top" : null,
            "visible" : true,
            "width" : 65,
            "widthType" : 0
          },
          {
            "__class" : "FrameNode",
            "aspectRatio" : 1.3396226415094339,
            "blendingEnabled" : 0,
            "blendingMode" : "normal",
            "bottom" : 77,
            "centerAnchorX" : 0.59066666666666667,
            "centerAnchorY" : 0.86699507389162567,
            "children" : [

            ],
            "clip" : false,
            "codeOverrideEnabled" : false,
            "constraintsLocked" : false,
            "deviceType" : null,
            "exportOptions" : [

            ],
            "fillColor" : "rgba(255,255,255,1)",
            "fillEnabled" : true,
            "fillGradient" : {
              "__class" : "LinearGradient",
              "alpha" : 1,
              "angle" : 0,
              "end" : "rgba(0,0,0,0)",
              "start" : "black"
            },
            "fillImage" : "XoK4XZeTp9Xj8R3o0RHxHcoO5o.png",
            "fillImagePixelHeight" : 106,
            "fillImagePixelWidth" : 142,
            "fillImageResize" : "fill",
            "fillType" : "image",
            "height" : 62,
            "heightType" : 0,
            "id" : "B4ERjqy2a",
            "intrinsicHeight" : 53,
            "intrinsicWidth" : 71,
            "isExternalMaster" : null,
            "isMaster" : false,
            "isTarget" : false,
            "left" : null,
            "locked" : false,
            "name" : null,
            "navigationTarget" : null,
            "navigationTransition" : "push",
            "navigationTransitionBackdropColor" : "rgba(4,4,15,.4)",
            "navigationTransitionDirection" : "left",
            "opacity" : 1,
            "originalid" : null,
            "parentid" : "d6_AGuoTF",
            "previewSettings" : null,
            "radius" : 0,
            "radiusBottomLeft" : 0,
            "radiusBottomRight" : 0,
            "radiusIsRelative" : false,
            "radiusPerCorner" : false,
            "radiusTopLeft" : 0,
            "radiusTopRight" : 0,
            "replicaInfo" : null,
            "right" : 112,
            "rotation" : 0,
            "top" : null,
            "visible" : true,
            "width" : 83,
            "widthType" : 0
          },
          {
            "__class" : "FrameNode",
            "aspectRatio" : 1.4150943396226414,
            "blendingEnabled" : 0,
            "blendingMode" : "normal",
            "bottom" : null,
            "centerAnchorX" : 0.34933333333333333,
            "centerAnchorY" : 0.32266009852216748,
            "children" : [

            ],
            "clip" : false,
            "codeOverrideEnabled" : false,
            "constraintsLocked" : false,
            "deviceType" : null,
            "exportOptions" : [

            ],
            "fillColor" : "rgba(255,255,255,1)",
            "fillEnabled" : true,
            "fillGradient" : {
              "__class" : "LinearGradient",
              "alpha" : 1,
              "angle" : 0,
              "end" : "rgba(0,0,0,0)",
              "start" : "black"
            },
            "fillImage" : "oAlNdEqCejqr5jOQLnihIdM.png",
            "fillImagePixelHeight" : 106,
            "fillImagePixelWidth" : 150,
            "fillImageResize" : "fill",
            "fillType" : "image",
            "height" : 62,
            "heightType" : 0,
            "id" : "GSfr5mFU6",
            "intrinsicHeight" : 53,
            "intrinsicWidth" : 75,
            "isExternalMaster" : null,
            "isMaster" : false,
            "isTarget" : false,
            "left" : 87,
            "locked" : false,
            "name" : null,
            "navigationTarget" : null,
            "navigationTransition" : "push",
            "navigationTransitionBackdropColor" : "rgba(4,4,15,.4)",
            "navigationTransitionDirection" : "left",
            "opacity" : 1,
            "originalid" : null,
            "parentid" : "d6_AGuoTF",
            "previewSettings" : null,
            "radius" : 0,
            "radiusBottomLeft" : 0,
            "radiusBottomRight" : 0,
            "radiusIsRelative" : false,
            "radiusPerCorner" : false,
            "radiusTopLeft" : 0,
            "radiusTopRight" : 0,
            "replicaInfo" : null,
            "right" : null,
            "rotation" : 0,
            "top" : 231,
            "visible" : true,
            "width" : 88,
            "widthType" : 0
          },
          {
            "__class" : "CodeComponentNode",
            "aspectRatio" : null,
            "bottom" : null,
            "centerAnchorX" : 0.47199999999999998,
            "centerAnchorY" : 0.15147783251231528,
            "children" : [

            ],
            "clip" : true,
            "codeComponentIdentifier" : "@framer\/krijn.loading-indicators\/.\/Circular.tsx_Circular",
            "codeComponentProps" : {
              "animate" : true,
              "color" : "hsl(204, 100%, 50%)",
              "duration" : 2,
              "stroke" : 2
            },
            "codeOverrideEnabled" : false,
            "constraintsLocked" : false,
            "exportOptions" : [

            ],
            "fillColor" : "rgba(255,255,255,1)",
            "fillEnabled" : false,
            "fillGradient" : {
              "__class" : "LinearGradient",
              "alpha" : 1,
              "angle" : 0,
              "end" : "rgba(0,0,0,0)",
              "start" : "black"
            },
            "fillImage" : null,
            "fillImagePixelHeight" : null,
            "fillImagePixelWidth" : null,
            "fillImageResize" : "fill",
            "fillType" : "color",
            "height" : 32,
            "heightType" : 0,
            "id" : "i6ldqZ1Sv",
            "intrinsicHeight" : 44,
            "intrinsicWidth" : 44,
            "left" : 161,
            "locked" : false,
            "name" : null,
            "opacity" : 1,
            "originalid" : null,
            "parentid" : "d6_AGuoTF",
            "radius" : 0,
            "radiusBottomLeft" : 0,
            "radiusBottomRight" : 0,
            "radiusIsRelative" : false,
            "radiusPerCorner" : false,
            "radiusTopLeft" : 0,
            "radiusTopRight" : 0,
            "right" : null,
            "rotation" : 0,
            "top" : 107,
            "visible" : true,
            "width" : 32,
            "widthType" : 0
          }
        ],
        "clip" : true,
        "codeOverrideEnabled" : false,
        "constraintsLocked" : false,
        "deviceType" : "framer\/FramerAppleIPhoneXS",
        "exportOptions" : [

        ],
        "fillColor" : "rgba(255,255,255,1)",
        "fillEnabled" : true,
        "fillGradient" : {
          "__class" : "LinearGradient",
          "alpha" : 1,
          "angle" : 0,
          "end" : "rgba(0,0,0,0)",
          "start" : "black"
        },
        "fillImage" : null,
        "fillImagePixelHeight" : null,
        "fillImagePixelWidth" : null,
        "fillImageResize" : "fill",
        "fillType" : "color",
        "height" : 812,
        "heightType" : 0,
        "id" : "d6_AGuoTF",
        "intrinsicHeight" : null,
        "intrinsicWidth" : null,
        "isExternalMaster" : null,
        "isMaster" : false,
        "isTarget" : false,
        "left" : 0,
        "locked" : false,
        "name" : null,
        "navigationTarget" : null,
        "navigationTransition" : "push",
        "navigationTransitionBackdropColor" : "rgba(4,4,15,.4)",
        "navigationTransitionDirection" : "left",
        "opacity" : 1,
        "originalid" : null,
        "parentid" : "VGV4CEyvF",
        "previewSettings" : null,
        "radius" : 0,
        "radiusBottomLeft" : 0,
        "radiusBottomRight" : 0,
        "radiusIsRelative" : false,
        "radiusPerCorner" : false,
        "radiusTopLeft" : 0,
        "radiusTopRight" : 0,
        "replicaInfo" : null,
        "right" : null,
        "rotation" : 0,
        "top" : 0,
        "visible" : true,
        "width" : 375,
        "widthType" : 0
      },
      {
        "__class" : "FrameNode",
        "aspectRatio" : null,
        "blendingEnabled" : 0,
        "blendingMode" : "normal",
        "bottom" : null,
        "centerAnchorX" : 0,
        "centerAnchorY" : 0,
        "children" : [
          {
            "__class" : "CodeComponentNode",
            "aspectRatio" : null,
            "bottom" : 0,
            "centerAnchorX" : 0.5,
            "centerAnchorY" : 0.97906403940886699,
            "children" : [

            ],
            "clip" : true,
            "codeComponentIdentifier" : "@framer\/kasimir.iphone-x-kit\/.\/Home Button (iPhone X)\/HomeButton.tsx_HomeButton",
            "codeComponentProps" : {
              "appearance" : "dark"
            },
            "codeOverrideEnabled" : false,
            "constraintsLocked" : false,
            "exportOptions" : [

            ],
            "fillColor" : "rgba(255,255,255,1)",
            "fillEnabled" : false,
            "fillGradient" : {
              "__class" : "LinearGradient",
              "alpha" : 1,
              "angle" : 0,
              "end" : "rgba(0,0,0,0)",
              "start" : "black"
            },
            "fillImage" : null,
            "fillImagePixelHeight" : null,
            "fillImagePixelWidth" : null,
            "fillImageResize" : "fill",
            "fillType" : "color",
            "height" : 34,
            "heightType" : 0,
            "id" : "j1AWPcfqB",
            "intrinsicHeight" : 34,
            "intrinsicWidth" : 375,
            "left" : 0,
            "locked" : false,
            "name" : null,
            "opacity" : 1,
            "originalid" : null,
            "parentid" : "lYNWOsZDu",
            "radius" : 0,
            "radiusBottomLeft" : 0,
            "radiusBottomRight" : 0,
            "radiusIsRelative" : false,
            "radiusPerCorner" : false,
            "radiusTopLeft" : 0,
            "radiusTopRight" : 0,
            "right" : 0,
            "rotation" : 0,
            "top" : null,
            "visible" : true,
            "width" : 375,
            "widthType" : 0
          },
          {
            "__class" : "CodeComponentNode",
            "aspectRatio" : null,
            "bottom" : null,
            "centerAnchorX" : 0.5,
            "centerAnchorY" : 0.027093596059113302,
            "children" : [

            ],
            "clip" : true,
            "codeComponentIdentifier" : "@framer\/kasimir.iphone-x-kit\/.\/Status Bar\/Status_Bar.tsx_StatusBar",
            "codeComponentProps" : {
              "appearance" : "dark",
              "back" : "",
              "batteryLevel" : 100,
              "liveTime" : true,
              "location" : "none",
              "mode" : "transparent",
              "signalLevel" : 100,
              "time" : "18.00",
              "twelveHour" : false,
              "wifiLevel" : 100
            },
            "codeOverrideEnabled" : false,
            "constraintsLocked" : false,
            "exportOptions" : [

            ],
            "fillColor" : "rgba(255,255,255,1)",
            "fillEnabled" : false,
            "fillGradient" : {
              "__class" : "LinearGradient",
              "alpha" : 1,
              "angle" : 0,
              "end" : "rgba(0,0,0,0)",
              "start" : "black"
            },
            "fillImage" : null,
            "fillImagePixelHeight" : null,
            "fillImagePixelWidth" : null,
            "fillImageResize" : "fill",
            "fillType" : "color",
            "height" : 44,
            "heightType" : 0,
            "id" : "FjB3W6uBF",
            "intrinsicHeight" : 44,
            "intrinsicWidth" : 375,
            "left" : 0,
            "locked" : false,
            "name" : null,
            "opacity" : 1,
            "originalid" : null,
            "parentid" : "lYNWOsZDu",
            "radius" : 0,
            "radiusBottomLeft" : 0,
            "radiusBottomRight" : 0,
            "radiusIsRelative" : false,
            "radiusPerCorner" : false,
            "radiusTopLeft" : 0,
            "radiusTopRight" : 0,
            "right" : 0,
            "rotation" : 0,
            "top" : 0,
            "visible" : true,
            "width" : 375,
            "widthType" : 0
          },
          {
            "__class" : "FrameNode",
            "aspectRatio" : null,
            "blendingEnabled" : 0,
            "blendingMode" : "normal",
            "bottom" : null,
            "boxShadows" : [
              {
                "__class" : "BoxShadow",
                "blur" : 5,
                "color" : "rgba(0,0,0,0.25)",
                "enabled" : true,
                "inset" : false,
                "spread" : 0,
                "x" : 0,
                "y" : 2
              }
            ],
            "centerAnchorX" : 0.5013333333333333,
            "centerAnchorY" : 0.28756157635467983,
            "children" : [

            ],
            "clip" : false,
            "codeOverrideEnabled" : false,
            "constraintsLocked" : false,
            "deviceType" : null,
            "exportOptions" : [

            ],
            "fillColor" : "rgba(255, 255, 255, 1.00)",
            "fillEnabled" : true,
            "fillGradient" : {
              "__class" : "LinearGradient",
              "alpha" : 1,
              "angle" : 0,
              "end" : "rgba(0,0,0,0)",
              "start" : "black"
            },
            "fillImage" : null,
            "fillImagePixelHeight" : null,
            "fillImagePixelWidth" : null,
            "fillImageResize" : "fill",
            "fillType" : "color",
            "height" : 175,
            "heightType" : 0,
            "id" : "L88dOyGL8",
            "intrinsicHeight" : null,
            "intrinsicWidth" : null,
            "isExternalMaster" : null,
            "isMaster" : false,
            "isTarget" : false,
            "left" : 28,
            "locked" : false,
            "name" : null,
            "navigationTarget" : null,
            "navigationTransition" : "push",
            "navigationTransitionBackdropColor" : "rgba(4,4,15,.4)",
            "navigationTransitionDirection" : "left",
            "opacity" : 1,
            "originalid" : null,
            "parentid" : "lYNWOsZDu",
            "previewSettings" : null,
            "radius" : 10,
            "radiusBottomLeft" : 10,
            "radiusBottomRight" : 10,
            "radiusIsRelative" : false,
            "radiusPerCorner" : false,
            "radiusTopLeft" : 10,
            "radiusTopRight" : 10,
            "replicaInfo" : null,
            "right" : 27,
            "rotation" : 0,
            "top" : 146,
            "visible" : true,
            "width" : 320,
            "widthType" : 0
          }
        ],
        "clip" : true,
        "codeOverrideEnabled" : true,
        "constraintsLocked" : false,
        "deviceType" : "framer\/FramerAppleIPhoneXS",
        "exportOptions" : [

        ],
        "fillColor" : "rgba(0, 67, 255, 1.00)",
        "fillEnabled" : true,
        "fillGradient" : {
          "__class" : "LinearGradient",
          "alpha" : 1,
          "angle" : 0,
          "end" : "rgba(0,0,0,0)",
          "start" : "black"
        },
        "fillImage" : null,
        "fillImagePixelHeight" : null,
        "fillImagePixelWidth" : null,
        "fillImageResize" : "fill",
        "fillType" : "color",
        "height" : 812,
        "heightType" : 0,
        "id" : "lYNWOsZDu",
        "intrinsicHeight" : null,
        "intrinsicWidth" : null,
        "isExternalMaster" : null,
        "isMaster" : false,
        "isTarget" : false,
        "left" : 475,
        "locked" : false,
        "name" : null,
        "navigationTarget" : null,
        "navigationTransition" : "push",
        "navigationTransitionBackdropColor" : "rgba(4,4,15,.4)",
        "navigationTransitionDirection" : "left",
        "opacity" : 1,
        "originalid" : null,
        "parentid" : "VGV4CEyvF",
        "previewSettings" : null,
        "radius" : 0,
        "radiusBottomLeft" : 0,
        "radiusBottomRight" : 0,
        "radiusIsRelative" : false,
        "radiusPerCorner" : false,
        "radiusTopLeft" : 0,
        "radiusTopRight" : 0,
        "replicaInfo" : null,
        "right" : null,
        "rotation" : 0,
        "top" : 0,
        "visible" : true,
        "width" : 375,
        "widthType" : 0
      },
      {
        "__class" : "FrameNode",
        "aspectRatio" : null,
        "blendingEnabled" : 0,
        "blendingMode" : "normal",
        "bottom" : null,
        "centerAnchorX" : 0.33733333333333332,
        "centerAnchorY" : 0.036330049261083741,
        "children" : [
          {
            "__class" : "CodeComponentNode",
            "aspectRatio" : null,
            "bottom" : null,
            "centerAnchorX" : 0.96031746031746035,
            "centerAnchorY" : 0.03968253968253968,
            "children" : [

            ],
            "clip" : true,
            "codeComponentIdentifier" : "@framer\/ruucm.index-frame\/.\/IndexFrame.tsx_IndexFrame",
            "codeComponentProps" : {
              "currentIndex" : 0,
              "debug" : false
            },
            "codeOverrideEnabled" : false,
            "constraintsLocked" : false,
            "exportOptions" : [

            ],
            "fillColor" : "rgba(255,255,255,1)",
            "fillEnabled" : false,
            "fillGradient" : {
              "__class" : "LinearGradient",
              "alpha" : 1,
              "angle" : 0,
              "end" : "rgba(0,0,0,0)",
              "start" : "black"
            },
            "fillImage" : null,
            "fillImagePixelHeight" : null,
            "fillImagePixelWidth" : null,
            "fillImageResize" : "fill",
            "fillType" : "color",
            "height" : 5,
            "heightType" : 0,
            "id" : "R3jmEnVTt",
            "intrinsicHeight" : 5,
            "intrinsicWidth" : 5,
            "left" : null,
            "locked" : false,
            "name" : null,
            "opacity" : 1,
            "originalid" : null,
            "parentid" : "hqHwFVnmz",
            "radius" : 0,
            "radiusBottomLeft" : 0,
            "radiusBottomRight" : 0,
            "radiusIsRelative" : false,
            "radiusPerCorner" : false,
            "radiusTopLeft" : 0,
            "radiusTopRight" : 0,
            "right" : 0,
            "rotation" : 0,
            "top" : 0,
            "visible" : true,
            "width" : 5,
            "widthType" : 0
          },
          {
            "__class" : "FrameNode",
            "aspectRatio" : 1.25,
            "blendingEnabled" : 0,
            "blendingMode" : "normal",
            "bottom" : null,
            "centerAnchorX" : 0.5714285714285714,
            "centerAnchorY" : 0.48412698412698413,
            "children" : [

            ],
            "clip" : false,
            "codeOverrideEnabled" : false,
            "constraintsLocked" : false,
            "deviceType" : null,
            "exportOptions" : [

            ],
            "fillColor" : "rgba(255,255,255,1)",
            "fillEnabled" : true,
            "fillGradient" : {
              "__class" : "LinearGradient",
              "alpha" : 1,
              "angle" : 0,
              "end" : "rgba(0,0,0,0)",
              "start" : "black"
            },
            "fillImage" : "7hKluZt5kBGLJ8uX1EackvPR2u4.png",
            "fillImagePixelHeight" : 72,
            "fillImagePixelWidth" : 90,
            "fillImageResize" : "fill",
            "fillType" : "image",
            "height" : 43,
            "heightType" : 0,
            "id" : "FVQporOjo",
            "intrinsicHeight" : 36,
            "intrinsicWidth" : 45,
            "isExternalMaster" : null,
            "isMaster" : false,
            "isTarget" : false,
            "left" : 9,
            "locked" : false,
            "name" : null,
            "navigationTarget" : null,
            "navigationTransition" : "push",
            "navigationTransitionBackdropColor" : "rgba(4,4,15,.4)",
            "navigationTransitionDirection" : "left",
            "opacity" : 1,
            "originalid" : null,
            "parentid" : "hqHwFVnmz",
            "previewSettings" : null,
            "radius" : 0,
            "radiusBottomLeft" : 0,
            "radiusBottomRight" : 0,
            "radiusIsRelative" : false,
            "radiusPerCorner" : false,
            "radiusTopLeft" : 0,
            "radiusTopRight" : 0,
            "replicaInfo" : null,
            "right" : 0,
            "rotation" : 0,
            "top" : 9,
            "visible" : true,
            "width" : 54,
            "widthType" : 0
          }
        ],
        "clip" : false,
        "codeOverrideEnabled" : true,
        "codeOverrideFile" : ".\/App.tsx",
        "codeOverrideIdentifier" : ".\/App.tsx_Label",
        "codeOverrideName" : "Label",
        "constraintsLocked" : false,
        "deviceType" : null,
        "exportOptions" : [

        ],
        "fillColor" : "rgba(104, 187, 104, 0.5)",
        "fillEnabled" : false,
        "fillGradient" : {
          "__class" : "LinearGradient",
          "alpha" : 1,
          "angle" : 0,
          "end" : "rgba(0,0,0,0)",
          "start" : "black"
        },
        "fillImage" : null,
        "fillImagePixelHeight" : null,
        "fillImagePixelWidth" : null,
        "fillImageResize" : "fill",
        "fillType" : "color",
        "height" : 63,
        "heightType" : 0,
        "id" : "hqHwFVnmz",
        "intrinsicHeight" : null,
        "intrinsicWidth" : null,
        "isExternalMaster" : null,
        "isMaster" : false,
        "isTarget" : false,
        "left" : 583,
        "locked" : false,
        "name" : "Label01",
        "navigationTarget" : null,
        "navigationTransition" : "push",
        "navigationTransitionBackdropColor" : "rgba(4,4,15,.4)",
        "navigationTransitionDirection" : "left",
        "opacity" : 1,
        "originalid" : null,
        "parentid" : "VGV4CEyvF",
        "previewSettings" : null,
        "radius" : 0,
        "radiusBottomLeft" : 0,
        "radiusBottomRight" : 0,
        "radiusIsRelative" : false,
        "radiusPerCorner" : false,
        "radiusTopLeft" : 0,
        "radiusTopRight" : 0,
        "replicaInfo" : null,
        "right" : null,
        "rotation" : 0,
        "top" : -125,
        "visible" : true,
        "width" : 63,
        "widthType" : 0
      },
      {
        "__class" : "FrameNode",
        "aspectRatio" : null,
        "blendingEnabled" : 0,
        "blendingMode" : "normal",
        "bottom" : null,
        "centerAnchorX" : 0.33733333333333332,
        "centerAnchorY" : 0.036330049261083741,
        "children" : [
          {
            "__class" : "CodeComponentNode",
            "aspectRatio" : null,
            "bottom" : null,
            "centerAnchorX" : 0.96031746031746035,
            "centerAnchorY" : 0.03968253968253968,
            "children" : [

            ],
            "clip" : true,
            "codeComponentIdentifier" : "@framer\/ruucm.index-frame\/.\/IndexFrame.tsx_IndexFrame",
            "codeComponentProps" : {
              "currentIndex" : 1,
              "debug" : false
            },
            "codeOverrideEnabled" : false,
            "constraintsLocked" : false,
            "exportOptions" : [

            ],
            "fillColor" : "rgba(255,255,255,1)",
            "fillEnabled" : false,
            "fillGradient" : {
              "__class" : "LinearGradient",
              "alpha" : 1,
              "angle" : 0,
              "end" : "rgba(0,0,0,0)",
              "start" : "black"
            },
            "fillImage" : null,
            "fillImagePixelHeight" : null,
            "fillImagePixelWidth" : null,
            "fillImageResize" : "fill",
            "fillType" : "color",
            "height" : 5,
            "heightType" : 0,
            "id" : "FkeMpNzX_",
            "intrinsicHeight" : 5,
            "intrinsicWidth" : 5,
            "left" : null,
            "locked" : false,
            "name" : null,
            "opacity" : 1,
            "originalid" : null,
            "parentid" : "Z0slOWTMI",
            "radius" : 0,
            "radiusBottomLeft" : 0,
            "radiusBottomRight" : 0,
            "radiusIsRelative" : false,
            "radiusPerCorner" : false,
            "radiusTopLeft" : 0,
            "radiusTopRight" : 0,
            "right" : 0,
            "rotation" : 0,
            "top" : 0,
            "visible" : true,
            "width" : 5,
            "widthType" : 0
          },
          {
            "__class" : "FrameNode",
            "aspectRatio" : 0.84905660377358494,
            "blendingEnabled" : 0,
            "blendingMode" : "normal",
            "bottom" : null,
            "centerAnchorX" : 0.57936507936507942,
            "centerAnchorY" : 0.49206349206349204,
            "children" : [

            ],
            "clip" : false,
            "codeOverrideEnabled" : false,
            "constraintsLocked" : false,
            "deviceType" : null,
            "exportOptions" : [

            ],
            "fillColor" : "rgba(255,255,255,1)",
            "fillEnabled" : true,
            "fillGradient" : {
              "__class" : "LinearGradient",
              "alpha" : 1,
              "angle" : 0,
              "end" : "rgba(0,0,0,0)",
              "start" : "black"
            },
            "fillImage" : "bRN7nWh63eEaZg0fzuQuMh51HqA.png",
            "fillImagePixelHeight" : 106,
            "fillImagePixelWidth" : 90,
            "fillImageResize" : "fill",
            "fillType" : "image",
            "height" : 62,
            "heightType" : 0,
            "id" : "BAdAP5yn3",
            "intrinsicHeight" : 53,
            "intrinsicWidth" : 45,
            "isExternalMaster" : null,
            "isMaster" : false,
            "isTarget" : false,
            "left" : 10,
            "locked" : false,
            "name" : null,
            "navigationTarget" : null,
            "navigationTransition" : "push",
            "navigationTransitionBackdropColor" : "rgba(4,4,15,.4)",
            "navigationTransitionDirection" : "left",
            "opacity" : 1,
            "originalid" : null,
            "parentid" : "Z0slOWTMI",
            "previewSettings" : null,
            "radius" : 0,
            "radiusBottomLeft" : 0,
            "radiusBottomRight" : 0,
            "radiusIsRelative" : false,
            "radiusPerCorner" : false,
            "radiusTopLeft" : 0,
            "radiusTopRight" : 0,
            "replicaInfo" : null,
            "right" : 0,
            "rotation" : 0,
            "top" : 0,
            "visible" : true,
            "width" : 53,
            "widthType" : 0
          }
        ],
        "clip" : false,
        "codeOverrideEnabled" : true,
        "codeOverrideFile" : ".\/App.tsx",
        "codeOverrideIdentifier" : ".\/App.tsx_Label",
        "codeOverrideName" : "Label",
        "constraintsLocked" : false,
        "deviceType" : null,
        "exportOptions" : [

        ],
        "fillColor" : "rgba(104, 187, 104, 0.5)",
        "fillEnabled" : false,
        "fillGradient" : {
          "__class" : "LinearGradient",
          "alpha" : 1,
          "angle" : 0,
          "end" : "rgba(0,0,0,0)",
          "start" : "black"
        },
        "fillImage" : null,
        "fillImagePixelHeight" : null,
        "fillImagePixelWidth" : null,
        "fillImageResize" : "fill",
        "fillType" : "color",
        "height" : 63,
        "heightType" : 0,
        "id" : "Z0slOWTMI",
        "intrinsicHeight" : null,
        "intrinsicWidth" : null,
        "isExternalMaster" : null,
        "isMaster" : false,
        "isTarget" : false,
        "left" : 700,
        "locked" : false,
        "name" : "Label02",
        "navigationTarget" : null,
        "navigationTransition" : "push",
        "navigationTransitionBackdropColor" : "rgba(4,4,15,.4)",
        "navigationTransitionDirection" : "left",
        "opacity" : 1,
        "originalid" : null,
        "parentid" : "VGV4CEyvF",
        "previewSettings" : null,
        "radius" : 0,
        "radiusBottomLeft" : 0,
        "radiusBottomRight" : 0,
        "radiusIsRelative" : false,
        "radiusPerCorner" : false,
        "radiusTopLeft" : 0,
        "radiusTopRight" : 0,
        "replicaInfo" : null,
        "right" : null,
        "rotation" : 0,
        "top" : -125,
        "visible" : true,
        "width" : 63,
        "widthType" : 0
      },
      {
        "__class" : "FrameNode",
        "aspectRatio" : null,
        "blendingEnabled" : 0,
        "blendingMode" : "normal",
        "bottom" : null,
        "centerAnchorX" : 0.33733333333333332,
        "centerAnchorY" : 0.036330049261083741,
        "children" : [
          {
            "__class" : "CodeComponentNode",
            "aspectRatio" : null,
            "bottom" : null,
            "centerAnchorX" : 0.96031746031746035,
            "centerAnchorY" : 0.03968253968253968,
            "children" : [

            ],
            "clip" : true,
            "codeComponentIdentifier" : "@framer\/ruucm.index-frame\/.\/IndexFrame.tsx_IndexFrame",
            "codeComponentProps" : {
              "currentIndex" : 2,
              "debug" : false
            },
            "codeOverrideEnabled" : false,
            "constraintsLocked" : false,
            "exportOptions" : [

            ],
            "fillColor" : "rgba(255,255,255,1)",
            "fillEnabled" : false,
            "fillGradient" : {
              "__class" : "LinearGradient",
              "alpha" : 1,
              "angle" : 0,
              "end" : "rgba(0,0,0,0)",
              "start" : "black"
            },
            "fillImage" : null,
            "fillImagePixelHeight" : null,
            "fillImagePixelWidth" : null,
            "fillImageResize" : "fill",
            "fillType" : "color",
            "height" : 5,
            "heightType" : 0,
            "id" : "IgeSmstkI",
            "intrinsicHeight" : 5,
            "intrinsicWidth" : 5,
            "left" : null,
            "locked" : false,
            "name" : null,
            "opacity" : 1,
            "originalid" : null,
            "parentid" : "nTnHeTPWH",
            "radius" : 0,
            "radiusBottomLeft" : 0,
            "radiusBottomRight" : 0,
            "radiusIsRelative" : false,
            "radiusPerCorner" : false,
            "radiusTopLeft" : 0,
            "radiusTopRight" : 0,
            "right" : 0,
            "rotation" : 0,
            "top" : 0,
            "visible" : true,
            "width" : 5,
            "widthType" : 0
          },
          {
            "__class" : "FrameNode",
            "aspectRatio" : 1.0377358490566038,
            "blendingEnabled" : 0,
            "blendingMode" : "normal",
            "bottom" : 0,
            "centerAnchorX" : 0.50793650793650791,
            "centerAnchorY" : 0.50793650793650791,
            "children" : [

            ],
            "clip" : false,
            "codeOverrideEnabled" : false,
            "constraintsLocked" : false,
            "deviceType" : null,
            "exportOptions" : [

            ],
            "fillColor" : "rgba(255,255,255,1)",
            "fillEnabled" : true,
            "fillGradient" : {
              "__class" : "LinearGradient",
              "alpha" : 1,
              "angle" : 0,
              "end" : "rgba(0,0,0,0)",
              "start" : "black"
            },
            "fillImage" : "qxfe6FAyGUdRMAnAB7CuvXDV8D4.png",
            "fillImagePixelHeight" : 106,
            "fillImagePixelWidth" : 110,
            "fillImageResize" : "fill",
            "fillType" : "image",
            "height" : 62,
            "heightType" : 0,
            "id" : "utFjzcUuZ",
            "intrinsicHeight" : 53,
            "intrinsicWidth" : 55,
            "isExternalMaster" : null,
            "isMaster" : false,
            "isTarget" : false,
            "left" : 0,
            "locked" : false,
            "name" : null,
            "navigationTarget" : null,
            "navigationTransition" : "push",
            "navigationTransitionBackdropColor" : "rgba(4,4,15,.4)",
            "navigationTransitionDirection" : "left",
            "opacity" : 1,
            "originalid" : null,
            "parentid" : "nTnHeTPWH",
            "previewSettings" : null,
            "radius" : 0,
            "radiusBottomLeft" : 0,
            "radiusBottomRight" : 0,
            "radiusIsRelative" : false,
            "radiusPerCorner" : false,
            "radiusTopLeft" : 0,
            "radiusTopRight" : 0,
            "replicaInfo" : null,
            "right" : -1,
            "rotation" : 0,
            "top" : null,
            "visible" : true,
            "width" : 64,
            "widthType" : 0
          }
        ],
        "clip" : false,
        "codeOverrideEnabled" : true,
        "codeOverrideFile" : ".\/App.tsx",
        "codeOverrideIdentifier" : ".\/App.tsx_Label",
        "codeOverrideName" : "Label",
        "constraintsLocked" : false,
        "deviceType" : null,
        "exportOptions" : [

        ],
        "fillColor" : "rgba(104, 187, 104, 0.5)",
        "fillEnabled" : false,
        "fillGradient" : {
          "__class" : "LinearGradient",
          "alpha" : 1,
          "angle" : 0,
          "end" : "rgba(0,0,0,0)",
          "start" : "black"
        },
        "fillImage" : null,
        "fillImagePixelHeight" : null,
        "fillImagePixelWidth" : null,
        "fillImageResize" : "fill",
        "fillType" : "color",
        "height" : 63,
        "heightType" : 0,
        "id" : "nTnHeTPWH",
        "intrinsicHeight" : null,
        "intrinsicWidth" : null,
        "isExternalMaster" : null,
        "isMaster" : false,
        "isTarget" : false,
        "left" : 798,
        "locked" : false,
        "name" : "Label03",
        "navigationTarget" : null,
        "navigationTransition" : "push",
        "navigationTransitionBackdropColor" : "rgba(4,4,15,.4)",
        "navigationTransitionDirection" : "left",
        "opacity" : 1,
        "originalid" : null,
        "parentid" : "VGV4CEyvF",
        "previewSettings" : null,
        "radius" : 0,
        "radiusBottomLeft" : 0,
        "radiusBottomRight" : 0,
        "radiusIsRelative" : false,
        "radiusPerCorner" : false,
        "radiusTopLeft" : 0,
        "radiusTopRight" : 0,
        "replicaInfo" : null,
        "right" : null,
        "rotation" : 0,
        "top" : -125,
        "visible" : true,
        "width" : 63,
        "widthType" : 0
      },
      {
        "__class" : "FrameNode",
        "aspectRatio" : null,
        "blendingEnabled" : 0,
        "blendingMode" : "normal",
        "bottom" : null,
        "centerAnchorX" : 0.33733333333333332,
        "centerAnchorY" : 0.036330049261083741,
        "children" : [
          {
            "__class" : "CodeComponentNode",
            "aspectRatio" : null,
            "bottom" : null,
            "centerAnchorX" : 0.96031746031746035,
            "centerAnchorY" : 0.03968253968253968,
            "children" : [

            ],
            "clip" : true,
            "codeComponentIdentifier" : "@framer\/ruucm.index-frame\/.\/IndexFrame.tsx_IndexFrame",
            "codeComponentProps" : {
              "currentIndex" : 3,
              "debug" : false
            },
            "codeOverrideEnabled" : false,
            "constraintsLocked" : false,
            "exportOptions" : [

            ],
            "fillColor" : "rgba(255,255,255,1)",
            "fillEnabled" : false,
            "fillGradient" : {
              "__class" : "LinearGradient",
              "alpha" : 1,
              "angle" : 0,
              "end" : "rgba(0,0,0,0)",
              "start" : "black"
            },
            "fillImage" : null,
            "fillImagePixelHeight" : null,
            "fillImagePixelWidth" : null,
            "fillImageResize" : "fill",
            "fillType" : "color",
            "height" : 5,
            "heightType" : 0,
            "id" : "d7mWDWh6U",
            "intrinsicHeight" : 5,
            "intrinsicWidth" : 5,
            "left" : null,
            "locked" : false,
            "name" : null,
            "opacity" : 1,
            "originalid" : null,
            "parentid" : "mBmn5vxZp",
            "radius" : 0,
            "radiusBottomLeft" : 0,
            "radiusBottomRight" : 0,
            "radiusIsRelative" : false,
            "radiusPerCorner" : false,
            "radiusTopLeft" : 0,
            "radiusTopRight" : 0,
            "right" : 0,
            "rotation" : 0,
            "top" : 0,
            "visible" : true,
            "width" : 5,
            "widthType" : 0
          },
          {
            "__class" : "FrameNode",
            "aspectRatio" : 0.84905660377358494,
            "blendingEnabled" : 0,
            "blendingMode" : "normal",
            "bottom" : 0,
            "centerAnchorX" : 0.5,
            "centerAnchorY" : 0.50793650793650791,
            "children" : [

            ],
            "clip" : false,
            "codeOverrideEnabled" : false,
            "constraintsLocked" : false,
            "deviceType" : null,
            "exportOptions" : [

            ],
            "fillColor" : "rgba(255,255,255,1)",
            "fillEnabled" : true,
            "fillGradient" : {
              "__class" : "LinearGradient",
              "alpha" : 1,
              "angle" : 0,
              "end" : "rgba(0,0,0,0)",
              "start" : "black"
            },
            "fillImage" : "L7b0uGKQn9gkmrBcJemu7zWTo50.png",
            "fillImagePixelHeight" : 106,
            "fillImagePixelWidth" : 90,
            "fillImageResize" : "fill",
            "fillType" : "image",
            "height" : 62,
            "heightType" : 0,
            "id" : "aeZiwwweS",
            "intrinsicHeight" : 53,
            "intrinsicWidth" : 45,
            "isExternalMaster" : null,
            "isMaster" : false,
            "isTarget" : false,
            "left" : 5,
            "locked" : false,
            "name" : null,
            "navigationTarget" : null,
            "navigationTransition" : "push",
            "navigationTransitionBackdropColor" : "rgba(4,4,15,.4)",
            "navigationTransitionDirection" : "left",
            "opacity" : 1,
            "originalid" : null,
            "parentid" : "mBmn5vxZp",
            "previewSettings" : null,
            "radius" : 0,
            "radiusBottomLeft" : 0,
            "radiusBottomRight" : 0,
            "radiusIsRelative" : false,
            "radiusPerCorner" : false,
            "radiusTopLeft" : 0,
            "radiusTopRight" : 0,
            "replicaInfo" : null,
            "right" : 5,
            "rotation" : 0,
            "top" : null,
            "visible" : true,
            "width" : 53,
            "widthType" : 0
          }
        ],
        "clip" : false,
        "codeOverrideEnabled" : true,
        "codeOverrideFile" : ".\/App.tsx",
        "codeOverrideIdentifier" : ".\/App.tsx_Label",
        "codeOverrideName" : "Label",
        "constraintsLocked" : false,
        "deviceType" : null,
        "exportOptions" : [

        ],
        "fillColor" : "rgba(104, 187, 104, 0.5)",
        "fillEnabled" : false,
        "fillGradient" : {
          "__class" : "LinearGradient",
          "alpha" : 1,
          "angle" : 0,
          "end" : "rgba(0,0,0,0)",
          "start" : "black"
        },
        "fillImage" : null,
        "fillImagePixelHeight" : null,
        "fillImagePixelWidth" : null,
        "fillImageResize" : "fill",
        "fillType" : "color",
        "height" : 63,
        "heightType" : 0,
        "id" : "mBmn5vxZp",
        "intrinsicHeight" : null,
        "intrinsicWidth" : null,
        "isExternalMaster" : null,
        "isMaster" : false,
        "isTarget" : false,
        "left" : 907,
        "locked" : false,
        "name" : "Label04",
        "navigationTarget" : null,
        "navigationTransition" : "push",
        "navigationTransitionBackdropColor" : "rgba(4,4,15,.4)",
        "navigationTransitionDirection" : "left",
        "opacity" : 1,
        "originalid" : null,
        "parentid" : "VGV4CEyvF",
        "previewSettings" : null,
        "radius" : 0,
        "radiusBottomLeft" : 0,
        "radiusBottomRight" : 0,
        "radiusIsRelative" : false,
        "radiusPerCorner" : false,
        "radiusTopLeft" : 0,
        "radiusTopRight" : 0,
        "replicaInfo" : null,
        "right" : null,
        "rotation" : 0,
        "top" : -125,
        "visible" : true,
        "width" : 63,
        "widthType" : 0
      },
      {
        "__class" : "FrameNode",
        "aspectRatio" : null,
        "blendingEnabled" : 0,
        "blendingMode" : "normal",
        "bottom" : null,
        "centerAnchorX" : 0.33733333333333332,
        "centerAnchorY" : 0.036330049261083741,
        "children" : [
          {
            "__class" : "CodeComponentNode",
            "aspectRatio" : null,
            "bottom" : null,
            "centerAnchorX" : 0.96031746031746035,
            "centerAnchorY" : 0.03968253968253968,
            "children" : [

            ],
            "clip" : true,
            "codeComponentIdentifier" : "@framer\/ruucm.index-frame\/.\/IndexFrame.tsx_IndexFrame",
            "codeComponentProps" : {
              "currentIndex" : 4,
              "debug" : false
            },
            "codeOverrideEnabled" : false,
            "constraintsLocked" : false,
            "exportOptions" : [

            ],
            "fillColor" : "rgba(255,255,255,1)",
            "fillEnabled" : false,
            "fillGradient" : {
              "__class" : "LinearGradient",
              "alpha" : 1,
              "angle" : 0,
              "end" : "rgba(0,0,0,0)",
              "start" : "black"
            },
            "fillImage" : null,
            "fillImagePixelHeight" : null,
            "fillImagePixelWidth" : null,
            "fillImageResize" : "fill",
            "fillType" : "color",
            "height" : 5,
            "heightType" : 0,
            "id" : "H48ov4PeX",
            "intrinsicHeight" : 5,
            "intrinsicWidth" : 5,
            "left" : null,
            "locked" : false,
            "name" : null,
            "opacity" : 1,
            "originalid" : null,
            "parentid" : "z8GdwEpOW",
            "radius" : 0,
            "radiusBottomLeft" : 0,
            "radiusBottomRight" : 0,
            "radiusIsRelative" : false,
            "radiusPerCorner" : false,
            "radiusTopLeft" : 0,
            "radiusTopRight" : 0,
            "right" : 0,
            "rotation" : 0,
            "top" : 0,
            "visible" : true,
            "width" : 5,
            "widthType" : 0
          },
          {
            "__class" : "FrameNode",
            "aspectRatio" : 1.25,
            "blendingEnabled" : 0,
            "blendingMode" : "normal",
            "bottom" : null,
            "centerAnchorX" : 0.50793650793650791,
            "centerAnchorY" : 0.5,
            "children" : [

            ],
            "clip" : false,
            "codeOverrideEnabled" : false,
            "constraintsLocked" : false,
            "deviceType" : null,
            "exportOptions" : [

            ],
            "fillColor" : "rgba(255,255,255,1)",
            "fillEnabled" : true,
            "fillGradient" : {
              "__class" : "LinearGradient",
              "alpha" : 1,
              "angle" : 0,
              "end" : "rgba(0,0,0,0)",
              "start" : "black"
            },
            "fillImage" : "EurvKxGUXZGXhsdlRw33vVZhYp8.png",
            "fillImagePixelHeight" : 72,
            "fillImagePixelWidth" : 90,
            "fillImageResize" : "fill",
            "fillType" : "image",
            "height" : 43,
            "heightType" : 0,
            "id" : "RzHzi5i_f",
            "intrinsicHeight" : 36,
            "intrinsicWidth" : 45,
            "isExternalMaster" : null,
            "isMaster" : false,
            "isTarget" : false,
            "left" : 5,
            "locked" : false,
            "name" : null,
            "navigationTarget" : null,
            "navigationTransition" : "push",
            "navigationTransitionBackdropColor" : "rgba(4,4,15,.4)",
            "navigationTransitionDirection" : "left",
            "opacity" : 1,
            "originalid" : null,
            "parentid" : "z8GdwEpOW",
            "previewSettings" : null,
            "radius" : 0,
            "radiusBottomLeft" : 0,
            "radiusBottomRight" : 0,
            "radiusIsRelative" : false,
            "radiusPerCorner" : false,
            "radiusTopLeft" : 0,
            "radiusTopRight" : 0,
            "replicaInfo" : null,
            "right" : 4,
            "rotation" : 0,
            "top" : 10,
            "visible" : true,
            "width" : 54,
            "widthType" : 0
          }
        ],
        "clip" : false,
        "codeOverrideEnabled" : true,
        "codeOverrideFile" : ".\/App.tsx",
        "codeOverrideIdentifier" : ".\/App.tsx_Label",
        "codeOverrideName" : "Label",
        "constraintsLocked" : false,
        "deviceType" : null,
        "exportOptions" : [

        ],
        "fillColor" : "rgba(104, 187, 104, 0.5)",
        "fillEnabled" : false,
        "fillGradient" : {
          "__class" : "LinearGradient",
          "alpha" : 1,
          "angle" : 0,
          "end" : "rgba(0,0,0,0)",
          "start" : "black"
        },
        "fillImage" : null,
        "fillImagePixelHeight" : null,
        "fillImagePixelWidth" : null,
        "fillImageResize" : "fill",
        "fillType" : "color",
        "height" : 63,
        "heightType" : 0,
        "id" : "z8GdwEpOW",
        "intrinsicHeight" : null,
        "intrinsicWidth" : null,
        "isExternalMaster" : null,
        "isMaster" : false,
        "isTarget" : false,
        "left" : 1024,
        "locked" : false,
        "name" : "Label05",
        "navigationTarget" : null,
        "navigationTransition" : "push",
        "navigationTransitionBackdropColor" : "rgba(4,4,15,.4)",
        "navigationTransitionDirection" : "left",
        "opacity" : 1,
        "originalid" : null,
        "parentid" : "VGV4CEyvF",
        "previewSettings" : null,
        "radius" : 0,
        "radiusBottomLeft" : 0,
        "radiusBottomRight" : 0,
        "radiusIsRelative" : false,
        "radiusPerCorner" : false,
        "radiusTopLeft" : 0,
        "radiusTopRight" : 0,
        "replicaInfo" : null,
        "right" : null,
        "rotation" : 0,
        "top" : -125,
        "visible" : true,
        "width" : 63,
        "widthType" : 0
      },
      {
        "__class" : "FrameNode",
        "aspectRatio" : null,
        "blendingEnabled" : 0,
        "blendingMode" : "normal",
        "bottom" : null,
        "centerAnchorX" : 0.33733333333333332,
        "centerAnchorY" : 0.036330049261083741,
        "children" : [
          {
            "__class" : "CodeComponentNode",
            "aspectRatio" : null,
            "bottom" : null,
            "centerAnchorX" : 0.96031746031746035,
            "centerAnchorY" : 0.03968253968253968,
            "children" : [

            ],
            "clip" : true,
            "codeComponentIdentifier" : "@framer\/ruucm.index-frame\/.\/IndexFrame.tsx_IndexFrame",
            "codeComponentProps" : {
              "currentIndex" : 4,
              "debug" : false
            },
            "codeOverrideEnabled" : false,
            "constraintsLocked" : false,
            "exportOptions" : [

            ],
            "fillColor" : "rgba(255,255,255,1)",
            "fillEnabled" : false,
            "fillGradient" : {
              "__class" : "LinearGradient",
              "alpha" : 1,
              "angle" : 0,
              "end" : "rgba(0,0,0,0)",
              "start" : "black"
            },
            "fillImage" : null,
            "fillImagePixelHeight" : null,
            "fillImagePixelWidth" : null,
            "fillImageResize" : "fill",
            "fillType" : "color",
            "height" : 5,
            "heightType" : 0,
            "id" : "t1DjhWkqQ",
            "intrinsicHeight" : 5,
            "intrinsicWidth" : 5,
            "left" : null,
            "locked" : false,
            "name" : null,
            "opacity" : 1,
            "originalid" : null,
            "parentid" : "W2IPAeg14",
            "radius" : 0,
            "radiusBottomLeft" : 0,
            "radiusBottomRight" : 0,
            "radiusIsRelative" : false,
            "radiusPerCorner" : false,
            "radiusTopLeft" : 0,
            "radiusTopRight" : 0,
            "right" : 0,
            "rotation" : 0,
            "top" : 0,
            "visible" : true,
            "width" : 5,
            "widthType" : 0
          },
          {
            "__class" : "FrameNode",
            "aspectRatio" : 1.4150943396226414,
            "blendingEnabled" : 0,
            "blendingMode" : "normal",
            "bottom" : null,
            "centerAnchorX" : 0.4513888888888889,
            "centerAnchorY" : 0.5,
            "children" : [

            ],
            "clip" : false,
            "codeOverrideEnabled" : false,
            "constraintsLocked" : true,
            "deviceType" : null,
            "exportOptions" : [

            ],
            "fillColor" : "rgba(255,255,255,1)",
            "fillEnabled" : true,
            "fillGradient" : {
              "__class" : "LinearGradient",
              "alpha" : 1,
              "angle" : 0,
              "end" : "rgba(0,0,0,0)",
              "start" : "black"
            },
            "fillImage" : "oAlNdEqCejqr5jOQLnihIdM.png",
            "fillImagePixelHeight" : 106,
            "fillImagePixelWidth" : 150,
            "fillImageResize" : "fill",
            "fillType" : "image",
            "height" : 63,
            "heightType" : 0,
            "id" : "EWfFbSOJE",
            "intrinsicHeight" : 53,
            "intrinsicWidth" : 75,
            "isExternalMaster" : null,
            "isMaster" : false,
            "isTarget" : false,
            "left" : -12,
            "locked" : false,
            "name" : null,
            "navigationTarget" : null,
            "navigationTransition" : "push",
            "navigationTransitionBackdropColor" : "rgba(4,4,15,.4)",
            "navigationTransitionDirection" : "left",
            "opacity" : 1,
            "originalid" : null,
            "parentid" : "W2IPAeg14",
            "previewSettings" : null,
            "radius" : 0,
            "radiusBottomLeft" : 0,
            "radiusBottomRight" : 0,
            "radiusIsRelative" : false,
            "radiusPerCorner" : false,
            "radiusTopLeft" : 0,
            "radiusTopRight" : 0,
            "replicaInfo" : null,
            "right" : null,
            "rotation" : 0,
            "top" : null,
            "visible" : true,
            "width" : 89,
            "widthType" : 0
          }
        ],
        "clip" : true,
        "codeOverrideEnabled" : true,
        "codeOverrideFile" : ".\/App.tsx",
        "codeOverrideIdentifier" : ".\/App.tsx_Label",
        "codeOverrideName" : "Label",
        "constraintsLocked" : false,
        "deviceType" : null,
        "exportOptions" : [

        ],
        "fillColor" : "rgba(104, 187, 104, 0.5)",
        "fillEnabled" : false,
        "fillGradient" : {
          "__class" : "LinearGradient",
          "alpha" : 1,
          "angle" : 0,
          "end" : "rgba(0,0,0,0)",
          "start" : "black"
        },
        "fillImage" : null,
        "fillImagePixelHeight" : null,
        "fillImagePixelWidth" : null,
        "fillImageResize" : "fill",
        "fillType" : "color",
        "height" : 63,
        "heightType" : 0,
        "id" : "W2IPAeg14",
        "intrinsicHeight" : null,
        "intrinsicWidth" : null,
        "isExternalMaster" : null,
        "isMaster" : false,
        "isTarget" : false,
        "left" : 1152,
        "locked" : false,
        "name" : "LabelFin",
        "navigationTarget" : null,
        "navigationTransition" : "push",
        "navigationTransitionBackdropColor" : "rgba(4,4,15,.4)",
        "navigationTransitionDirection" : "left",
        "opacity" : 1,
        "originalid" : null,
        "parentid" : "VGV4CEyvF",
        "previewSettings" : null,
        "radius" : 0,
        "radiusBottomLeft" : 0,
        "radiusBottomRight" : 0,
        "radiusIsRelative" : false,
        "radiusPerCorner" : false,
        "radiusTopLeft" : 0,
        "radiusTopRight" : 0,
        "replicaInfo" : null,
        "right" : null,
        "rotation" : 0,
        "top" : -125,
        "visible" : true,
        "width" : 72,
        "widthType" : 0
      },
      {
        "__class" : "FrameNode",
        "aspectRatio" : 1.3333333333333333,
        "blendingEnabled" : 0,
        "blendingMode" : "normal",
        "bottom" : null,
        "centerAnchorX" : 0.38666666666666666,
        "centerAnchorY" : 0.37315270935960593,
        "children" : [

        ],
        "clip" : false,
        "codeOverrideEnabled" : false,
        "constraintsLocked" : false,
        "deviceType" : null,
        "exportOptions" : [

        ],
        "fillColor" : "rgba(255,255,255,1)",
        "fillEnabled" : true,
        "fillGradient" : {
          "__class" : "LinearGradient",
          "alpha" : 1,
          "angle" : 0,
          "end" : "rgba(0,0,0,0)",
          "start" : "black"
        },
        "fillImage" : "0A5yvqk1tQBIxRM6ReqlnrYkGg.png",
        "fillImagePixelHeight" : 600,
        "fillImagePixelWidth" : 800,
        "fillImageResize" : "fill",
        "fillType" : "image",
        "height" : 300,
        "heightType" : 0,
        "id" : "Oy6ZLBAvO",
        "intrinsicHeight" : 300,
        "intrinsicWidth" : 400,
        "isExternalMaster" : null,
        "isMaster" : false,
        "isTarget" : false,
        "left" : 1055,
        "locked" : false,
        "name" : null,
        "navigationTarget" : null,
        "navigationTransition" : "push",
        "navigationTransitionBackdropColor" : "rgba(4,4,15,.4)",
        "navigationTransitionDirection" : "left",
        "opacity" : 1,
        "originalFilename" : "",
        "originalid" : null,
        "parentid" : "VGV4CEyvF",
        "previewSettings" : null,
        "radius" : 0,
        "radiusBottomLeft" : 0,
        "radiusBottomRight" : 0,
        "radiusIsRelative" : false,
        "radiusPerCorner" : false,
        "radiusTopLeft" : 0,
        "radiusTopRight" : 0,
        "replicaInfo" : null,
        "right" : null,
        "rotation" : 0,
        "top" : 159,
        "visible" : true,
        "width" : 400,
        "widthType" : 0
      }
    ],
    "id" : "VGV4CEyvF",
    "name" : null,
    "originalid" : null,
    "parentid" : null,
    "visible" : false
  },
  "version" : 48
}